<?xml version="1.0"?>
<data grt_format="2.0">
  <value _ptr_="0000000023D92BB0" type="list" content-type="object" content-struct-name="db.mgmt.Connection">
    <value type="object" struct-name="db.mgmt.Connection" id="{B3AD38FF-C923-45EB-B361-F5413ACF7E37}" struct-checksum="0x96ba47d8">
      <link type="object" struct-name="db.mgmt.Driver" key="driver">com.mysql.rdbms.mysql.driver.native</link>
      <value type="string" key="hostIdentifier">Mysql@localhost:3306</value>
      <value type="int" key="isDefault">0</value>
      <value _ptr_="0000000024177C60" type="dict" key="modules"/>
      <value _ptr_="000000002417B8C0" type="dict" key="parameterValues">
        <value type="string" key="DbSqlEditor:LastDefaultSchema">itstock</value>
        <value type="int" key="OPT_READ_TIMEOUT">300</value>
        <value type="string" key="hostName">localhost</value>
        <value type="int" key="lastConnected">1469200901</value>
        <value type="int" key="port">3306</value>
        <value type="string" key="serverVersion">5.7.13-log</value>
        <value type="string" key="userName">root</value>
      </value>
      <value type="string" key="name">Local instance MySQL57</value>
      <link type="object" struct-name="GrtObject" key="owner">{A77775A9-C7CD-417C-92EA-66F4315F3EA4}</link>
    </value>
  </value>
</data>
