<?xml version="1.0"?>
<data grt_format="2.0">
  <value _ptr_="0000000023D92D00" type="list" content-type="object" content-struct-name="db.mgmt.ServerInstance">
    <value type="object" struct-name="db.mgmt.ServerInstance" id="{97C356F2-CB41-40D6-B3D7-D40B61AE6367}" struct-checksum="0x367436e2">
      <link type="object" struct-name="db.mgmt.Connection" key="connection">{B3AD38FF-C923-45EB-B361-F5413ACF7E37}</link>
      <value _ptr_="000000002417B930" type="dict" key="loginInfo">
        <value type="string" key="wmi.hostName"></value>
        <value type="string" key="wmi.userName"></value>
      </value>
      <value _ptr_="000000002417C1F0" type="dict" key="serverInfo">
        <value type="string" key="basedir">C:\Program Files\MySQL\MySQL Server 5.7\</value>
        <value type="string" key="datadir">C:\ProgramData\MySQL\MySQL Server 5.7\Data\</value>
        <value type="string" key="errorLogFilePath">KSAD.err</value>
        <value type="string" key="generalLogFilePath">KSAD.log</value>
        <value type="string" key="serverVersion">5.7.13-log</value>
        <value type="int" key="setupPending">1</value>
        <value type="int" key="slowLogEnabled">1</value>
        <value type="string" key="slowLogFilePath">KSAD-slow.log</value>
        <value type="string" key="sys.config.path">C:\ProgramData\MySQL\MySQL Server 5.7\my.ini</value>
        <value type="int" key="sys.config.path.lock">1</value>
        <value type="string" key="sys.config.section">mysqld</value>
        <value type="string" key="sys.mysqld.service_name">MySQL57</value>
        <value type="string" key="sys.preset">Custom</value>
        <value type="string" key="sys.system">Windows</value>
        <value type="int" key="sys.usesudo">0</value>
        <value type="int" key="sys.usesudostatus">0</value>
        <value type="int" key="windowsAdmin">1</value>
      </value>
      <value type="string" key="name">Local MySQL57</value>
    </value>
  </value>
</data>
